bc|4|IA|BostonColl
bc|23|BostonColl|BostonColl
caia|4|IA|SterClarkArtInstitute
caia|20|SterClarkArtInstitute|SterClarkArtInstitute
chi|1|Google|Chicago
chi|4|IA|Chicago
coo|1|Google|Cornell
coo|4|IA|Cornell
dul1|4|IA|Duke
gri|4|IA|Getty
gri|11|Getty|Getty
hvd|1|Google|Harvard
hvd|4|IA|Harvard
ien|1|Google|Northwestern
ien|4|IA|Northwestern
inu|1|Google|Indiana
keio|1|Google|Keio
ku01|21||KnowledgeUnlatched
loc|1|Google|LOC
loc|4|IA|LOC
mcg|22|McGill|McGill
mdp|1|Google|Michigan
mdp|2|Michigan|Michigan
mdp|3|MichiganPress|Michigan
mdp|12|Millenium|Michigan
mdp|13|UIUC|UIUC
mdp|14|BrooklynMuseum|BrooklynMuseum
mdp|18|PrivateDonor|PrivateDonor
mdp|19|Michigan|Michigan
miua|2|Michigan|Michigan
miun|2|Michigan|Michigan
nc01|4|IA|UNC
ncs1|4|IA|NCSU
njp|1|Google|Princeton
njp|4|IA|Princeton
nnc1|1|Google|Columbia
nnc2|4|IA|Columbia
nyp|1|Google|NYPL
nyp|4|IA|NYPL
osu|1|Google|OhioState
psia|4|IA|Penn
pst|1|Google|Penn
pur1|1|Google|Purdue
pur2|10|Purdue|Purdue
txa|16|TexasAM|TexasAM
uc1|1|Google|California
uc2|1|Google|California
uc2|4|IA|California
ucm|1|Google|Madrid
ucm|9|Madrid|Madrid
ufl1|4|IA|UF
ufl2|15|UF|UF
uiuc|13|UIUC|UIUC
uiug|1|Google|UIUC
uiuo|4|IA|UIUC
uma|4|IA|UMassAm
umn|1|Google|Minnesota
usu|8|UtahState|UtahState
uva|1|Google|UVA
uva|4|IA|UVA
wu|1|Google|Wisconsin
yale|1|Google|Yale
yale|4|IA|Yale
yale|5|Microsoft|Yale
aeu|4|IA|UnivAlberta
ucw|4|IA|UConn
udel|17|UnivDelaware|UnivDelaware
msu|1|Google|MSU
